,Fold_number,MAE_Values
0,1.0,0.4201337503701553
1,2.0,0.423511056171446
2,3.0,0.43060146025695945
3,4.0,0.42209530839975196
4,5.0,0.4194632367200883
