,Fold_number,MAE_Values
0,1.0,0.3086194378673078
1,2.0,0.3130876288285736
2,3.0,0.32017885935545576
3,4.0,0.30986604118634586
4,5.0,0.31378024087529993
