,Fold_number,MAE_Values
0,1.0,0.38757907502673716
1,2.0,0.38935065122087803
2,3.0,0.3993573564721324
3,4.0,0.3947892730859464
4,5.0,0.3897037640353152
